Pedurma-ID,Other-ID,Title,Image-group,Range,First-image,Last-image
AT0072,Q2061,dus mchod chen,I1PD95846,775-779,I1PD958460813.jpg,I1PD958460817.jpg
AT0073,Q2063,e ka nA tha'i don 'grel,I1PD95846,780-782,I1PD958460818.jpg,I1PD958460820.jpg
AT0282,,nyi zla 'dzin pa'i rtsis,I1PD95852,1587-1589,I1PD958521616.jpg,I1PD958521618.jpg
AT0287,Q2105,rje btsun 'phags ma sgrol ma'i sgrub thabs,I1PD95853,51-53,I1PD958530084.jpg,I1PD958530086.jpg
AT0639,Q2607,dus mtshams srang mda'i las,I1PD95859,1203-1204,I1PD958591266.jpg,I1PD958591267.jpg
AT0708,,mngon par byang chub pa'i rim pa'i man ngag,I1PD95863,314-321,I1PD958630347.jpg,I1PD958630354.jpg
AT0837,Q5087,maN+Dal gyi cho ga zhes bya ba,I1PD95869,170-172,I1PD958690235.jpg,I1PD958690237.jpg
AT0860,,tshogs kyi 'khor lo'i cho ga zhes bya ba,I1PD95869,264-271,I1PD958690329.jpg,I1PD958690336.jpg
AT0875,Q2833,gtor ma nye bar sbyang ba,I1PD95869,361-363,I1PD958690426.jpg,I1PD958690428.jpg
AT0893,Q4805,rdo rje 'jigs byed kyi sgrub thabs zhes bya ba,I1PD95869,594-596,I1PD958690659.jpg,I1PD958690661.jpg
AT0907,Q2856,dpal gshin rje gshed nag po'i 'khor lo'i cho ga,I1PD95869,688-694,I1PD958690753.jpg,I1PD958690759.jpg
AT0938,,gshin rje gshed dmar po'i sgrub thabs,I1PD95869,1149-1152,I1PD958691216.jpg,I1PD958691219.jpg
AT0953,Q2902,las kyi gshin rje chos kyi rgyal po'i bsgrub thabs,I1PD95869,1245-1251,I1PD958691312.jpg,I1PD958691318.jpg
AT0999,Q3363,'phags pa 'jam dpal gyi mtshan yang dag par brjod pa'i rgya cher 'grel pa,I1PD95869,1392-1462,I1PD958691459.jpg,I1PD958691529.jpg
AT1007,Q5415,'phags pa 'jam dpal gyi mtshan yang dag par brjod pa'i 'grel pa snying po mngon par rtogs pa zhes bya ba,I1PD95870,258-350,I1PD958700319.jpg,I1PD958700411.jpg
AT1024,,ro'i rab gnas cho ga,I1PD95870,447-450,I1PD958700508.jpg,I1PD958700511.jpg
AT1092,N1826,rten 'brel gyi mthus bsrung ba,I1PD95870,1226-1227,I1PD958701289.jpg,I1PD958701290.jpg
AT1118,,'phags pa lag na rdo rje gos sngon can gyi sgrub thabs kyi man ngag rgya cher bshad pa'i 'grel pa,I1PD95870,1627-1649,I1PD958701690.jpg,I1PD958701712.jpg
AT1166,Q3105,grub mtha' bdun pa zhes bya ba,I1PD95871,937-940,I1PD958710994.jpg,I1PD958710997.jpg
AT1207,Q3147,sangs rgyas 'char ba,I1PD95871,1572-1575,I1PD958711631.jpg,I1PD958711634.jpg
AT1262,,glu,I1PD95872,43-44,I1PD958720102.jpg,I1PD958720103.jpg
AT2651,,glu,I1PD95872,49-50,I1PD958720108.jpg,I1PD958720109.jpg
AT1266,,glu,I1PD95872,51-52,I1PD958720110.jpg,I1PD958720111.jpg
AT1385,Q3308,rdo rje theg pa'i rtsa ba'i ltung ba zhes bya ba,I1PD95872,694-696,I1PD958720753.jpg,I1PD958720755.jpg
AT1443,Q3363,'phags pa 'jam dpal gyi mtshan yang dag par brjod pa'i dka' 'grel,I1PD95877,1192-1397,I1PD958771219.jpg,I1PD958771424.jpg
AT1445,,'phags pa 'jam dpal gyi mtshan yang dag par brjod pa'i 'grel pa,I1PD95877,1437-1574,I1PD958771464.jpg,
AT1485,,'phags pa 'jam dpal gyi mtshan yang dag par brjod pa'i sgrub pa'i thabs,I1PD95878,220-252,I1PD958780259.jpg,I1PD958780291.jpg
AT1513,Q4805,rdo rje 'jigs byed kyi sgrub thabs zhes bya ba,I1PD95878,1043-1045,I1PD958781084.jpg,I1PD958781086.jpg
AT1525,,'phags pa 'jam dpal gyi mtshan yang dag par brjod pa'i sgrub thabs,I1PD95878,1092-1136,I1PD958781133.jpg,I1PD958781177.jpg
AT1532,Q3453,bcom ldan 'das de bzhin gshegs pa dgra bcom pa yang dag par rdzogs pa'i sangs rgyas ngan song thams cad yongs su sbyong ba gzi brjid kyi rgyal po'i rgyud kyi rgyal po chen po'i rnam par bshad pa mdzes pa'i rgyan zhes bya ba,I1PD95879,3-538,I1PD958790034.jpg,I1PD958790569.jpg
AT1567,Q3485,rgyan dam pa sna tshogs pa rim par phye ba bkod pa,I1PD95879,1631-1693,I1PD958791664.jpg,I1PD958791726.jpg
AT1605,N2317a,chos spyod thams cad kyi man ngag mngon par rtogs pa'i rnam bshad gzi brjid snang ba zhes bya ba,I1PD95882,173-248,I1PD958820230.jpg,I1PD958820305.jpg
AT1611,Q3526,bcom ldan 'das 'jam pa'i dbyangs kyi dpyad pa,I1PD95882,275-285,I1PD958820332.jpg,I1PD958820342.jpg
AT1646,,dpal 'phags pa spyan ras gzigs dbang phyug la bstod pa zhes bya ba,I1PD95882,459-461,I1PD958820516.jpg,I1PD958820518.jpg
AT1660,Q4839,'phags pa yi ge drug pa'i sgrub thabs,I1PD95882,711-714,I1PD958820768.jpg,I1PD958820771.jpg
AT1661,Q3675,'phags pa spyan ras gzigs dbang phyug gi sgrub thabs,I1PD95882,715-716,I1PD958820772.jpg,I1PD958820773.jpg
AT1672,Q3686,dpal 'jig rten dbang phyug mkha' la gshegs pa'i sgrub thabs rgyas pa,I1PD95882,744-753,I1PD958820801.jpg,I1PD958820810.jpg
AT1678,Q3694,gnod sbyin gyi sde dpon chen po lag na rdo rje zhes bya ba'i sgrub pa'i thabs,I1PD95882,783-793,I1PD958820840.jpg,I1PD958820850.jpg
AT1699,Q3716,bcom ldan 'das phyag na rdo rje gos sngon po can gyi sgrub pa'i thabs zhes bya ba,I1PD95882,908-912,I1PD958820965.jpg,I1PD958820969.jpg
AT1779,Q3902,mchod rten gyi cha rnam par dbye ba,I1PD95883,525-534,I1PD958830570.jpg,I1PD958830579.jpg
AT1782,Q3916,'phags pa de bzhin gshegs pa'i gtsug tor nas byung ba'i gdugs dkar mo can gzhan gyis mi thub ma phyir bzlog pa zhes bya ba'i gzungs kyi sgrub thabs,I1PD95883,555-560,I1PD958830600.jpg,I1PD958830605.jpg
AT1862,Q3675,'phags pa spyan ras gzigs dbang phyug gi sgrub thabs,I1PD95884,541-543,I1PD958840596.jpg,I1PD958840598.jpg
AT1979,N3937,gshin rje nag po'i sgrub thabs,I1PD95884,899-901,I1PD958840956.jpg,I1PD958840958.jpg
AT1980,,gshin rje gshed nag po'i sgrub thabs,I1PD95884,902-905,I1PD958840959.jpg,I1PD958840962.jpg
AT2022,,gshin rje nag po'i sgrub pa'i thabs,I1PD95885,83-84,I1PD958850172.jpg,I1PD958850173.jpg
AT2023,,gshin rje gshed nag po'i sgrub thabs,I1PD95885,85-87,I1PD958850174.jpg,I1PD958850176.jpg
AT2024,,gshin rje gshed nag po sgrub pa'i thabs,I1PD95885,88-90,I1PD958850177.jpg,I1PD958850179.jpg
AT2052,,shes rab kyi pha rol tu phyin ma'i sgrub thabs,I1PD95885,175-177,I1PD958850264.jpg,I1PD958850266.jpg
AT2055,,gtum po chen po'i sgrub thabs,I1PD95885,184-185,I1PD958850273.jpg,I1PD958850274.jpg
AT2176,,gtum po chen po'i sgrub thabs,I1PD95885,616-617,I1PD958850705.jpg,I1PD958850706.jpg
AT2177,,gtum po chen po'i sgrub thabs,I1PD95885,618-620,I1PD958850707.jpg,I1PD958850709.jpg
AT2178,,gtum po chen po'i sgrub thabs,I1PD95885,621-625,I1PD958850710.jpg,I1PD958850714.jpg
AT2435,N3352,chos skyong ba'i rgyal po rnam thos sras la bstod pa,I1PD95886,789-795,I1PD958860838.jpg,I1PD958860844.jpg
AT2478,Q4860,chu gtor gyi cho ga,I1PD95886,1269-1272,I1PD958861318.jpg,I1PD958861321.jpg
AT2485,Q2135,rdo rje mkha' 'gro'i rnam par 'grel pa'i bshad sbyar zhes bya ba,I1PD95887,3-481,I1PD958870058.jpg,I1PD958870536.jpg
AT2486,N925a,dpal rdo rje mkha' 'gro rgyud kyi de kho na nyid rab tu bstan par byed pa zhes bya ba'i dka' 'grel,I1PD95887,482-518,I1PD958870537.jpg,I1PD958870573.jpg
AT2487,Q4604,rgyun chags kyi tshigs su bcad pas bstod pa,I1PD95887,521-526,I1PD958870578.jpg,I1PD958870583.jpg
AT2488,Q4605,mi pham mgon po la bstod pa 'chi slu ma zhes bya ba,I1PD95887,527-528,I1PD958870584.jpg,I1PD958870585.jpg
AT2489,Q4606,de bzhin gshegs pa thams cad la bstod pa zhes bya ba,I1PD95887,529-531,I1PD958870586.jpg,I1PD958870588.jpg
AT2490,Q4607,bla ma'i bris thang rgyab yig,I1PD95887,532-533,I1PD958870589.jpg,I1PD958870590.jpg
AT2491,Q4608,dus kyi 'khor lo'i rgyud kyi snying po'i 'grel pa dri ma med pa'i 'od ces bya ba,I1PD95887,534-549,I1PD958870591.jpg,I1PD958870606.jpg
AT2493,Q4610,rang gi lta ba'i 'dod pa mdor bstan pa yongs su brtag pa,I1PD95887,570-634,I1PD958870627.jpg,I1PD958870691.jpg
AT2494,Q4611,rdo rje tshig gi rnam par dbye ba,I1PD95887,635-646,I1PD958870692.jpg,I1PD958870703.jpg
AT2495,Q4612,gnyis su med pa'i rnal 'byor zhes bya ba,I1PD95887,647-652,I1PD958870704.jpg,I1PD958870709.jpg
AT2496,Q4613,tshigs bcad bcu pa zhes bya ba lam gyi rim pa,I1PD95887,653-656,I1PD958870710.jpg,I1PD958870713.jpg
AT2497,Q4614,bcom ldan 'das dpal 'khor lo sdom pa'i sgrub thabs zhes bya ba,I1PD95887,657-683,I1PD958870714.jpg,I1PD958870740.jpg
AT2498,Q4615,bcom ldan 'das dpal bde mchog rdo rje nam mkha' lding gi bsgrub thabs,I1PD95887,684-688,I1PD958870741.jpg,I1PD958870745.jpg
AT2499,,dpa' bo gcig pa'i bsgrub thabs zhes bya ba,I1PD95887,689-692,I1PD958870746.jpg,I1PD958870749.jpg
AT2500,Q4617,dpa' bo gcig pa'i sbyin bsreg gi cho ga,I1PD95887,693-697,I1PD958870750.jpg,I1PD958870754.jpg
AT2501,Q4618,dpa' bo gcig pa'i gtor ma'i cho ga,I1PD95887,698-701,I1PD958870755.jpg,I1PD958870758.jpg
AT2502,Q4619,dpal 'khor lo sdom pa'i rab tu gnas pa'i cho ga,I1PD95887,702-711,I1PD958870759.jpg,I1PD958870768.jpg
AT2503,Q4620,dpal 'khor lo sdom pa'i sbyin bsreg gi cho ga,I1PD95887,712-730,I1PD958870769.jpg,I1PD958870787.jpg
AT2507,Q4624,dpal 'khor lo bde mchog gi rim pa lnga pa,I1PD95887,753-760,I1PD958870810.jpg,I1PD958870817.jpg
AT2509,Q4626,rdo rje theg pa'i rtsa ba dang yan lag gi ltung ba'i bshags pa,I1PD95887,790-793,I1PD958870847.jpg,I1PD958870850.jpg
AT2510,Q4627,dzA lan d+ha ra pas bstod pa,I1PD95887,794-806,I1PD958870851.jpg,I1PD958870863.jpg
AT2511,Q4628,dpal 'khor lo bde mchog gi rnam par sprul pa dang yul nyi shu rta bzhi'i rgyu mtshan,I1PD95887,807-819,I1PD958870864.jpg,I1PD958870876.jpg
AT2512,Q4629,spra khrid lung bstan te lo'i gsungs,I1PD95887,820-830,I1PD958870877.jpg,I1PD958870887.jpg
AT2513,Q4631,gtor ma tshogs mchod kyi dbu lags,I1PD95887,831-841,I1PD958870888.jpg,I1PD958870898.jpg
AT2514,Q4633,chos drug rdo rje'i tshig rkang zhes bya ba,I1PD95887,842-845,I1PD958870899.jpg,I1PD958870902.jpg
AT2515,Q4640,rang shar phyag rgya chen po'i rdo rje'i tshig rkang,I1PD95887,846-849,I1PD958870903.jpg,I1PD958870906.jpg
AT2516,Q4636,chos spyod mi dge rang grol zhes bya ba,I1PD95887,850-854,I1PD958870907.jpg,I1PD958870911.jpg
AT2517,Q4637,dpal 'khor lo sdom pa myur du sgrub pa zhes bya ba'i thabs,I1PD95887,855-858,I1PD958870912.jpg,I1PD958870915.jpg
AT2518,Q4638,dpal 'khor lo sdom pa'i dkyil 'khor gyi cho ga zhes bya ba,I1PD95887,859-863,I1PD958870916.jpg,I1PD958870920.jpg
AT2519,Q4639,dpal 'chi med ye shes chen po zhes bya ba,I1PD95887,864-867,I1PD958870921.jpg,I1PD958870924.jpg
AT2520,Q4640,rang shar phyag rgya chen po'i rdo rje'i tshig rkang,I1PD95887,868-870,I1PD958870925.jpg,I1PD958870927.jpg
AT2521,Q4641,rang grol phyag rgya chen po,I1PD95887,871-873,I1PD958870928.jpg,I1PD958870930.jpg
AT2522,Q4642,lam khyer gyi chos gsum zhes bya ba,I1PD95887,874-877,I1PD958870931.jpg,I1PD958870934.jpg
AT2523,Q4643,sgyu ma lam gyi rim pa zhes bya ba,I1PD95887,878-899,I1PD958870935.jpg,I1PD958870956.jpg
AT2524,Q4644,sgyu ma lam gyi rim pa'i 'grel pa zhes bya ba,I1PD95887,900-947,I1PD958870957.jpg,I1PD958871004.jpg
AT2530,Q4650,'phags pa smon lam gyi rgyal po zhes bya ba,I1PD95887,959-963,I1PD958871016.jpg,I1PD958871020.jpg
AT2532,Q4652,rnam par grol ba'i snye ma zhes bya ba'i glu,I1PD95887,1026-1037,I1PD958871083.jpg,I1PD958871094.jpg
AT2533,Q4653,de nyid bdun gyi 'grel pa,I1PD95887,1038-1046,I1PD958871095.jpg,I1PD958871103.jpg
AT2535,Q4655,dpal 'khor lo sdom pa bcu gsum gyi bdag nyid can la mchod pa'i cho ga,I1PD95887,1060-1074,I1PD958871117.jpg,I1PD958871131.jpg
AT2537,Q4657,dpal 'khor lo sdom pa'i dbang gi bya ba,I1PD95887,1078-1082,I1PD958871135.jpg,I1PD958871139.jpg
AT2538,Q4658,bcom ldan 'das bde mchog 'khor lo'i bstod pa,I1PD95887,1083-1086,I1PD958871140.jpg,I1PD958871143.jpg
AT2539,Q4659,mngon par rtogs pa'i snying po,I1PD95887,1187-1194,I1PD958871244.jpg,I1PD958871251.jpg
AT2540,Q4660,mngon par rtogs pa'i 'grel pa,I1PD95887,1195-1113,I1PD958871252.jpg,I1PD958871170.jpg
AT2541,Q4661,dpal 'khor lo bde mchog gi mngon par rtogs pa'i 'grel pa,I1PD95887,1114-1152,I1PD958871171.jpg,I1PD958871209.jpg
AT2542,Q4662,bde mchog 'khor lo'i Ti ka,I1PD95887,1153-1158,I1PD958871210.jpg,I1PD958871215.jpg
AT2543,Q4663,bde gshegs 'khor lo'i sgrub pa'i thabs zhes bya ba,I1PD95887,1159-1160,I1PD958871216.jpg,I1PD958871217.jpg
AT2544,Q4664,'chi bdag gzhom pa zhes bya ba'i sgrub thabs,I1PD95887,1161-1166,I1PD958871218.jpg,I1PD958871223.jpg
AT2545,,sangs rgyas 'byung ba zhes bya ba,I1PD95887,1167-1170,I1PD958871224.jpg,I1PD958871227.jpg
AT2546,Q4666,dbang bzhi pa'i rnam par bzhag pa,I1PD95887,1171-1174,I1PD958871228.jpg,I1PD958871231.jpg
AT2547,Q4667,shrI ba san ta ti la ka zhes bya ba,I1PD95887,1177-1199,I1PD958871234.jpg,I1PD958871256.jpg
AT2548,Q4668,dpal rdo rje rnal 'byor ma'i gsang ba'i sgrub thabs zhes bya ba,I1PD95887,1200-1206,I1PD958871257.jpg,I1PD958871263.jpg
AT2549,Q4669,rdo rje rnal 'byor ma dbu bcad ma'i sgrub thabs zhes bya ba,I1PD95887,1207-1210,I1PD958871264.jpg,I1PD958871267.jpg
AT2550,Q4670,shes rab snang ba sgrub pa'i thabs,I1PD95887,1211-1219,I1PD958871268.jpg,I1PD958871276.jpg
AT2552,Q4672,dpal rdo rje phag mo shes rab gsal byed ces bya ba'i sgrub thabs,I1PD95887,1222-1230,I1PD958871279.jpg,I1PD958871287.jpg
AT2555,Q4675,rnal 'byor ma drug gi sgrub pa'i thabs,I1PD95887,1238-1242,I1PD958871295.jpg,I1PD958871299.jpg
AT2556,Q4676,las kyi cho ga,I1PD95887,1243-1255,I1PD958871300.jpg,I1PD958871312.jpg
AT2557,Q4677,rnal 'byor ma'i sgrub thabs,I1PD95887,1256-1278,I1PD958871313.jpg,I1PD958871335.jpg
AT2558,Q4678,rig pa 'dzin ma rtsen ma'i rjes gnang sgrub thabs,I1PD95887,1279-1282,I1PD958871336.jpg,I1PD958871339.jpg
AT2559,Q4679,rdo rje phag mo rig pa 'dzin ma rtsen ma'i sgrub pa'i thabs,I1PD95887,1283-1286,I1PD958871340.jpg,I1PD958871343.jpg
AT2560,Q4683,rdo rje phag mo mchod pa'i sgrub thabs,I1PD95887,1287-1292,I1PD958871344.jpg,I1PD958871349.jpg
AT2561,Q4684,rdo rje phag mo'i sgrub thabs rim pa lnga pa zhes bya ba rngon pa'i gdams ngag,I1PD95887,1293-1306,I1PD958871350.jpg,I1PD958871363.jpg
AT2562,Q4685,rdo rje rnal 'byor ma sbas pa'i sgom pa,I1PD95887,1307-1310,I1PD958871364.jpg,I1PD958871367.jpg
AT2564,Q4687,dpal dgyes pa'i rdo rje'i dka' 'grel rin po che sbyor ba'i 'phreng ba,I1PD95887,1316-1473,I1PD958871373.jpg,I1PD958871530.jpg
AT2565,Q4688,sngags kyi bstan chos gsang ba'i mdzod ces bya ba,I1PD95887,1474-1487,I1PD958871531.jpg,I1PD958871544.jpg
AT2567,Q4690,phyag rgya bzhi'i sgrub thabs zhes bya ba,I1PD95887,1496-1501,I1PD958871553.jpg,I1PD958871558.jpg
AT2569,Q4692,he ru ka dran pa gcig pa'i sgrub thabs,I1PD95887,1506-1509,I1PD958871563.jpg,I1PD958871566.jpg
AT2570,Q4693,dpal mchog tu gyur pa'i ngo bo nyid bde ba chen po'i go 'phang rdo rje zhes bya ba'i ting nge 'dzin,I1PD95887,1510-1514,I1PD958871567.jpg,I1PD958871571.jpg
AT2571,Q4694,lhan cig skyes pa grub pa,I1PD95887,1515-1518,I1PD958871572.jpg,I1PD958871575.jpg
AT2572,Q4697,dges pa rdo rje'i lus kyi don rab tu gsal ba zhes bya ba,I1PD95887,1519-1548,I1PD958871576.jpg,I1PD958871605.jpg
AT2574,Q4698,cung zad dran pa zhes bya ba,I1PD95887,1551-1558,I1PD958871608.jpg,I1PD958871615.jpg
AT2575,Q4699,sbyor ba mdor bsdus zhes bya ba,I1PD95887,1559-1569,I1PD958871616.jpg,I1PD958871626.jpg
AT2576,Q4700,sgron me gcig pa'i man ngag,I1PD95887,1570-1572,I1PD958871627.jpg,I1PD958871629.jpg
AT2577,Q4701,dges pa rdo rje'i man ngag,I1PD95887,1573-1582,I1PD958871630.jpg,I1PD958871639.jpg
AT2578,Q4702,byA la'i man ngag,I1PD95887,1583-1584,I1PD958871640.jpg,I1PD958871641.jpg
AT2579,Q4703,rnal 'byor yan lag drug pa man ngag gsal ba,I1PD95887,1585-1591,I1PD958871642.jpg,I1PD958871648.jpg
AT2580,Q4704,rnal 'byor mdor bstan,I1PD95887,1592-1594,I1PD958871649.jpg,I1PD958871651.jpg
AT2581,Q4705,de kho na nyid bzhi pa,I1PD95887,1595-1602,I1PD958871652.jpg,I1PD958871659.jpg
AT2582,Q4706,bdag med ma'i byin rlabs,I1PD95887,1603-1605,I1PD958871660.jpg,I1PD958871662.jpg
AT2584,Q4708,bdag med ma'i stobs kyi 'khor lo sgrub pa'i thabs,I1PD95887,1610-1612,I1PD958871667.jpg,I1PD958871669.jpg
AT2586,Q4710,'jig rten gsum las rnam par rgyal ba 'phags ma sgrol ma sgrub pa'i thabs zhes bya ba,I1PD95887,1616-1624,I1PD958871673.jpg,I1PD958871681.jpg
AT2587,Q4711,ku ru kul+le'i las sbyor gyi man ngag,I1PD95887,1625-1629,I1PD958871682.jpg,I1PD958871686.jpg
AT2588,Q4712,rigs ldan ma'i sgrub thabs,I1PD95887,1630-1632,I1PD958871687.jpg,I1PD958871689.jpg
AT2590,Q4714,rje btsun ku ru ku le la bstod pa,I1PD95887,1637-1640,I1PD958871694.jpg,I1PD958871697.jpg
AT2591,Q4715,rnal 'byor mdor bsdus pa,I1PD95887,1641-1646,I1PD958871698.jpg,I1PD958871703.jpg
AT2592,Q4716,bdud rtsi thigs pa zhes bya ba,I1PD95888,3-204,I1PD958880034.jpg,I1PD958880235.jpg
AT2593,Q4717,thabs kyi zhags pa pad+mo'i 'phreng ba'i 'grel pa,I1PD95888,205-266,I1PD958880236.jpg,I1PD958880297.jpg
AT2594,Q4718,rgyud kyi rgyal po chen po dpal gsang ba'i snying po'i 'grel pa,I1PD95888,267-428,I1PD958880298.jpg,I1PD958880459.jpg
AT2595,Q4719,de kho na nyid nges pa'i rgya cher bshad pa'i 'grel pa,I1PD95888,429-769,I1PD958880460.jpg,I1PD958880800.jpg
AT2596,Q4720,sgyu 'phrul dra ba rdo rje las kyi rim pa zhes bya ba,I1PD95888,770-808,I1PD958880801.jpg,I1PD958880839.jpg
AT2597,Q4721,rdo rje sems dpa'i sgyu 'phrul dra ba'i dbang gis gal po,I1PD95888,809-814,I1PD958880840.jpg,I1PD958880845.jpg
AT2598,Q4722,dbang gi don nges par 'byed pa,I1PD95888,815-828,I1PD958880846.jpg,I1PD958880859.jpg
AT2599,Q4723,thugs kyi thigs pa zhes bya ba,I1PD95888,829-832,I1PD958880860.jpg,I1PD958880863.jpg
AT2600,Q4724,gsang ba'i thigs pa'i man ngag ,I1PD95888,833-835,I1PD958880864.jpg,I1PD958880866.jpg
AT2601,Q4725,rnal 'byor chen po shes rab spyan 'byed kyi man ngag ces bya ba,I1PD95888,836-840,I1PD958880867.jpg,I1PD958880871.jpg
AT2602,Q4726,man ngag gi rgyal po lta ba'i 'phreng ba,I1PD95888,841-852,I1PD958880872.jpg,I1PD958880883.jpg
AT2603,Q4727,las shan lta ba'i sgron mazhes bya ba,I1PD95888,853-862,I1PD958880884.jpg,I1PD958880893.jpg
AT2604,Q4728,lta ba'i rim pa yi man ngag,I1PD95888,863-868,I1PD958880894.jpg,I1PD958880899.jpg
AT2605,Q4729,g.yu'i thang ma kras dgu,I1PD95888,869-883,I1PD958880900.jpg,I1PD958880914.jpg
AT2606,Q4730,sgyu 'phrul dra ba me long lta bu'i bsgrub thabs,I1PD95888,884-899,I1PD958880915.jpg,I1PD958880930.jpg
AT2607,Q4731,rdo rje sems dpa' sgyu 'phrul dra ba'i 'od kyi rim pa,I1PD95888,900-918,I1PD958880931.jpg,I1PD958880949.jpg
AT2608,Q4732,sgyu 'phrul phyag rgya bsam gtan,I1PD95888,919-923,I1PD958880950.jpg,I1PD958880954.jpg
AT2609,Q4733,na mo rin chen mngon rdzogs zhes bya ba,I1PD95888,924-937,I1PD958880955.jpg,I1PD958880968.jpg
AT2610,Q4734,dra ba chung ngu,I1PD95888,938-949,I1PD958880969.jpg,I1PD958880980.jpg
AT2611,Q4735,de kho na nyid snang ba dam pa brgyan,I1PD95888,950-958,I1PD958880981.jpg,I1PD958880989.jpg
AT2612,Q4736,lam rnam par bkod pa sangs rgyas gsang ba'i man ngag,I1PD95888,959-1043,I1PD958880990.jpg,I1PD958881074.jpg
AT2613,Q4737,sgyu 'phrul man ngag rnam par bkod pa,I1PD95888,1044-1092,I1PD958881075.jpg,I1PD958881123.jpg
AT2614,Q4738,thugs kyi thigs pa zhes bya ba,I1PD95888,1093-1117,I1PD958881124.jpg,I1PD958881148.jpg
AT2615,Q4739,sgyu 'phrul man ngag gsal ba'i sgron me zhes bya ba,I1PD95888,1118-1132,I1PD958881149.jpg,I1PD958881163.jpg
AT2616,Q4740,sgyu 'phrul dra ba'i lam bshad pa,I1PD95888,1133-1147,I1PD958881164.jpg,I1PD958881178.jpg
AT2617,Q4741,rim pa drug pa,I1PD95888,1148-1172,I1PD958881179.jpg,I1PD958881203.jpg
AT2618,Q4742,sgyu 'phrul dra ba'i man ngag rim pa gsum pa,I1PD95888,1173-1178,I1PD958881204.jpg,I1PD958881209.jpg
AT2619,Q4743,sems bskyed pa'i cho ga mdor bshad pa,I1PD95888,1179-1189,I1PD958881210.jpg,I1PD958881220.jpg
AT2620,Q4744,dam tshig gsal bkra zhes bya ba,I1PD95888,1190-1203,I1PD958881221.jpg,I1PD958881234.jpg
AT2621,Q4745,dam tshig phra rgyas bstan pa,I1PD95888,1204-1208,I1PD958881235.jpg,I1PD958881239.jpg
AT2622,Q4746,sgyu 'phrul sbyin sreg gi rim pa mdor bsdus pa,I1PD95888,1209-1221,I1PD958881240.jpg,I1PD958881252.jpg
AT2623,Q4747,sgyu 'phrul dra ba ro sreg las kyi phreng ba,I1PD95888,1222-1226,I1PD958881253.jpg,I1PD958881257.jpg
AT2624,,sgyu 'phrul dpe chung rang gnas kyi rim pa,I1PD95888,1227-1237,I1PD958881258.jpg,I1PD958881268.jpg
AT2625,Q4749,sku gdung las kyi 'phreng ba,I1PD95888,1238-1242,I1PD958881269.jpg,I1PD958881273.jpg
AT2626,Q4750,za tshogs gtor ma'i lung,I1PD95888,1243-1245,I1PD958881274.jpg,I1PD958881276.jpg
AT2627,Q4751,gsang ba'i mdo don bsdus pa,I1PD95888,1246-1254,I1PD958881277.jpg,I1PD958881285.jpg
AT2628,Q4752,skabs 'grel bye brag rnam par bshad pa zhes bya ba,I1PD95888,1255-1275,I1PD958881286.jpg,I1PD958881306.jpg
AT2629,Q4753,byang chub sems kyi ljon shing,I1PD95888,1276-1283,I1PD958881307.jpg,I1PD958881314.jpg
AT2631,Q4755,'bras bu'i mchog gi rgyud kyi don bsdus 'grel pa paN+Dir thar zhes bya ba,I1PD95889,3-58,I1PD958890032.jpg,I1PD958890087.jpg
AT2632,Q4756,rdo rje sems dpa'i sgyu 'phrul dra ba'i rgyud dpal gsang ba'i snying po zhes bya ba'i spyan 'grel pa,I1PD95889,59-347,I1PD958890088.jpg,I1PD958890376.jpg
AT2633,Q4757,sgyu 'phrul dra ba rin po che 'od kyi snang ba,I1PD95889,348-353,I1PD958890377.jpg,I1PD958890382.jpg
AT2634,Q4758,thugs kyi sgo lcags,I1PD95889,354-365,I1PD958890383.jpg,I1PD958890394.jpg
AT2635,Q4759,bsre ba'i tho byang,I1PD95889,366-367,I1PD958890395.jpg,I1PD958890396.jpg
AT2636,Q4760,mtshan nyid sgron ma,I1PD95889,368-373,I1PD958890397.jpg,I1PD958890402.jpg
AT2637,Q4761,sgyu 'phrul khro bo'i dbang bskur ba dkyil 'khor rdo rje las kyi rim pa zhes bya ba,I1PD95889,374-402,I1PD958890403.jpg,I1PD958890431.jpg
AT2638,Q4762,sgyu 'phrul dbang gi gal po'i don 'grel,I1PD95889,403-414,I1PD958890432.jpg,I1PD958890443.jpg
AT2639,Q4763,sgyu 'phrul dra ba lhan cig skyes pa'i ye shes snang ba,I1PD95889,415-421,I1PD958890444.jpg,I1PD958890450.jpg
AT2640,Q4764,gsang ba'i man ngag 'jam pa'i thigs pa zhes bya ba,I1PD95889,422-434,I1PD958890451.jpg,I1PD958890463.jpg
AT2641,Q4765,gsang ba'i thigs pa'i man ngag gi 'grel pa,I1PD95889,435-445,I1PD958890464.jpg,I1PD958890474.jpg
AT2642,Q4766,dbang cig car 'jug pa'i man ngag,I1PD95889,446-457,I1PD958890475.jpg,I1PD958890486.jpg
AT2643,Q4767,bde ba chen po phyag rgya'i man ngag zhes bya ba,I1PD95889,458-466,I1PD958890487.jpg,I1PD958890495.jpg
AT2644,Q4768,sgeg rdor gyis mdzad pa'i rgyud bshags,I1PD95889,467-469,I1PD958890496.jpg,I1PD958890498.jpg
AT2645,Q4769,bi ma las mdzad pa'i tshigs rkang bcu dgu pa,I1PD95889,470-472,I1PD958890499.jpg,I1PD958890501.jpg
AT2646,Q4770,sgyu 'phrul dra ba rab tu gnas pa'i cho ga'i rim pa zhes bya ba,I1PD95889,473-480,I1PD958890502.jpg,I1PD958890509.jpg
AT2647,Q4771,in+dra b+hA+u ti'i rim pa gnyis pa,I1PD95889,481-483,I1PD958890510.jpg,I1PD958890512.jpg
AT2648,Q4772,zhi ba'i lha rgyud ces bya ba,I1PD95889,484-493,I1PD958890513.jpg,I1PD958890522.jpg
AT2649,Q4773,sgyu 'phrul tshogs kyi 'khor lo thugs kyi sgrub pa,I1PD95889,494-500,I1PD958890523.jpg,I1PD958890529.jpg
AT2650,Q4774,rdo rje sems dpa' sgyu 'phrul dra ba 'od kyi phyag rgya zhes bya ba,I1PD95889,501-507,I1PD958890530.jpg,I1PD958890536.jpg
AT2651,Q4775,khro bo las kyi 'phreng ba bsdus pa,I1PD95889,508-523,I1PD958890537.jpg,I1PD958890552.jpg
AT2652,Q4776,khro bo yang dag sgron ma,I1PD95889,524-534,I1PD958890553.jpg,I1PD958890563.jpg
AT2653,Q4777,lha'i sku sgom pa'i man ngag,I1PD95889,535-537,I1PD958890564.jpg,I1PD958890566.jpg
AT2654,Q4778,phyag rgya bzhi pa'i bsam gtan,I1PD95889,538-551,I1PD958890567.jpg,I1PD958890580.jpg
AT2655,Q4779,khro bo phyag rgya gcig pa,I1PD95889,552-554,I1PD958890581.jpg,I1PD958890583.jpg
AT2656,Q4780,spyod yul sbyong ba'i bsam gtan zhes bya ba,I1PD95889,555-568,I1PD958890584.jpg,I1PD958890597.jpg
AT2657,Q4781,mdo rgyud rtogs pa'i sgron ma zhes bya ba,I1PD95889,569-592,I1PD958890598.jpg,I1PD958890621.jpg
AT2658,Q4782,dpal sgyu 'phrul chen mo'i gtor ma'i cho ga,I1PD95889,593-596,I1PD958890622.jpg,I1PD958890625.jpg
AT2659,Q4783,dran pa gcig pa,I1PD95889,597-598,I1PD958890626.jpg,I1PD958890627.jpg
AT2660,Q4784,sgyu 'phrul chen mo'i man ngag,I1PD95889,599-601,I1PD958890628.jpg,I1PD958890630.jpg
AT2661,Q4785,rdo rje bdud rtsi gsum gyi mngon par rtogs pa,I1PD95889,602-611,I1PD958890631.jpg,I1PD958890640.jpg
AT2662,Q4786,rdo rje dril thabs kyi mchod pa'i cho ga,I1PD95889,612-618,I1PD958890641.jpg,I1PD958890647.jpg
AT2663,Q4787,rgyud kyi rgyal po chen po dpal gsang ba 'dus pa'i rgya cher 'grel pa,I1PD95889,621-1341,I1PD958890652.jpg,I1PD958891372.jpg
AT2664,Q4788,bsdus pa'i rim pa'i bsgrub thabs,I1PD95891,779-803,I1PD958910810.jpg,I1PD958910834.jpg
AT2665,Q4789,dpal gsang ba 'dus pa'i man ngag rim pa lnga pa zhes bya ba,I1PD95891,804-834,I1PD958910835.jpg,I1PD958910865.jpg
AT2669,Q4795,gshin rje gshed nag po'i dkyil 'khor kyi cho ga,I1PD95891,890-938,I1PD958910921.jpg,I1PD958910969.jpg
AT2671,Q4797,gshin rje gshed nag po'i 'khor lo'i gsal byed,I1PD95891,956-962,I1PD958910987.jpg,I1PD958910993.jpg
AT2672,Q4798,dpal ldan gshin rje gshed nag po'i 'khrul 'khor bri ba'i cho ga rgyas pa'i rtog pa,I1PD95891,963-971,I1PD958910994.jpg,I1PD958911002.jpg
AT2673,Q4799,'jam dpal gyi rtog pa las dam rdzas bdud rtsi sman du sgrubs te bsten pa'i rtog pa,I1PD95891,972-974,I1PD958911003.jpg,I1PD958911005.jpg
AT2674,Q4800,dpal gshin rje gshed nag po'i 'khrul 'khor bskor ba'i cho ga las/ las kyi rgyud dang grogs bstan pa'i rtog pa,I1PD95891,975-979,I1PD958911006.jpg,I1PD958911010.jpg
AT2675,Q4801,dpal rdo rje 'jigs byed kyi rgyud kyi 'grel pa man ngag dang ldan pa'i rgyan,I1PD95891,980-1013,I1PD958911011.jpg,I1PD958911044.jpg
AT2676,Q4802,dpal rdo rje 'jigs byed kyi sgrub thabs pad ma rgyas pa,I1PD95891,1014-1021,I1PD958911045.jpg,I1PD958911052.jpg
AT2677,Q4803,dpal rdo rje 'jigs byed kyi bsgrub pa'i thabs zhes bya ba,I1PD95891,1022-1035,I1PD958911053.jpg,I1PD958911066.jpg
AT2678,Q4806,'chi ba blu ba'i bsdus don,I1PD95891,1036-1040,I1PD958911067.jpg,I1PD958911071.jpg
AT2679,Q4806,'chi ba blu ba'i bsdus don,I1PD95891,1041-1048,I1PD958911072.jpg,I1PD958911079.jpg
AT2681,Q4813,chos thams cad 'phags pa 'jam dpal gshin rje por bsgrub pa'i thabs,I1PD95891,1102-1110,I1PD958911133.jpg,I1PD958911141.jpg
AT2682,Q4814,gshin rje gshed dmar lha lnga'i mngon par rtogs pa dngos grub kyi snye ma zhes bya ba,I1PD95891,1111-1126,I1PD958911142.jpg,I1PD958911157.jpg
AT2683,Q4815,gshin rje gshed dmar po'i 'khrul 'khor gyi de nyid bshad pa zhes bya ba'i bsgrub thabs,I1PD95891,1127-1135,I1PD958911158.jpg,I1PD958911166.jpg
AT2685,Q4817,gshin rje gshed mthar byed kyi 'khrul 'khor gyi cho ga,I1PD95891,1141-1146,I1PD958911172.jpg,I1PD958911177.jpg
AT2686,Q4828,sha za gnod sbyin mkha' 'gro kun nas 'khyil pa'i rtogs pa las byung ba'i gwa thabs zhes bya ba,I1PD95891,1147-1149,I1PD958911178.jpg,I1PD958911180.jpg
AT2687,Q4829,gnod sbyin ma kun nas 'khyil pa'i gwa thabs kyi don bsdus pa'i 'grel pa,I1PD95891,1150-1156,I1PD958911181.jpg,I1PD958911187.jpg
AT2688,Q4830,gzhan gyi mi thub pa dang ri rab mchog ma rin po che bzang po'i bsgrub thabs,I1PD95891,1157-1161,I1PD958911188.jpg,I1PD958911192.jpg
AT2690,Q4833,'jam dpal ngag gi rgyal po'i sgrub thabs,I1PD95892,8-13,I1PD958920077.jpg,I1PD958920082.jpg
AT2691,Q4835,'jam dpal gyi mtshan yang dag par brjod pa'i spyan dbye ba'i cho ga zhes bya ba,I1PD95892,14-39,I1PD958920083.jpg,I1PD958920108.jpg
AT2692,Q4836,'jam pa'i dbyangs dpa' bo gcig grub pa'i bstod pa gser gyi phreng ba zhes bya ba,I1PD95892,40-45,I1PD958920109.jpg,I1PD958920114.jpg
AT2694,Q4839,'phags pa yi ge drug pa'i sgrub thabs,I1PD95892,50-52,I1PD958920119.jpg,I1PD958920121.jpg
AT2695,Q4842,'phags pa don yod zhags pa'i sgrub thabs,I1PD95892,53-59,I1PD958920122.jpg,I1PD958920128.jpg
AT2696,Q4842,'phags pa don yod zhags pa'i sgrub thabs,I1PD95892,60-62,I1PD958920129.jpg,I1PD958920131.jpg
AT2697,Q4842,'phags pa don yod zhags pa'i sgrub thabs,I1PD95892,63-66,I1PD958920132.jpg,I1PD958920135.jpg
AT2700,Q4845,sems dpa'i phyag rgya zhes bya ba,I1PD95892,79-92,I1PD958920148.jpg,I1PD958920161.jpg
AT2701,Q4846,yi ge bzhi pa'i man ngag,I1PD95892,93-95,I1PD958920162.jpg,I1PD958920164.jpg
AT2702,Q4847,phyag na rdo rje gtum po chen po khros pa zhes bya ba'i sgrub thabs,I1PD95892,96-101,I1PD958920165.jpg,I1PD958920170.jpg
AT2703,Q4848,gnod sbyin gyi sde dpon chen po lag na rdo rje gos sngon can gyi sgrub thabs zhes bya ba,I1PD95892,102-112,I1PD958920171.jpg,I1PD958920181.jpg
AT2704,Q4849,rdo rje 'dzin pa phyag na rdo rje'i las bsgrub pa'i thabs zhes bya ba,I1PD95892,113-118,I1PD958920182.jpg,I1PD958920187.jpg
AT2705,Q4850,rdo rje gtum po'i sgo nas phyir bzlog pa'i 'khor lo zhes bya ba,I1PD95892,119-123,I1PD958920188.jpg,I1PD958920192.jpg
AT2706,Q4851,U Ni sha sngags kyi man ngag gi sgrub thabs,I1PD95892,124-133,I1PD958920193.jpg,I1PD958920202.jpg
AT2709,Q4854,sgrol ma U gra'i mchod pa'i cho ga zhes bya ba,I1PD95892,158-160,I1PD958920227.jpg,I1PD958920229.jpg
AT2710,Q4855,sgrol ma dmar mos 'gro ba dbang du bsdu ba'i 'khor lo'i cho ga zhes bya ba,I1PD95892,161-163,I1PD958920230.jpg,I1PD958920232.jpg
AT2711,Q4856,sngags kyi don 'jug pa,I1PD95892,164-168,I1PD958920233.jpg,I1PD958920237.jpg
AT2712,Q4857,dbang gi man ngag,I1PD95892,169-172,I1PD958920238.jpg,I1PD958920241.jpg
AT2713,Q4858,dam tshig sbas pa,I1PD95892,173-176,I1PD958920242.jpg,I1PD958920245.jpg
AT2714,Q4859,gzhal yas khang sbyin pa,I1PD95892,177-180,I1PD958920246.jpg,I1PD958920249.jpg
AT2715,Q4860,chu gtor gyi cho ga,I1PD95892,181-183,I1PD958920250.jpg,I1PD958920252.jpg
AT2717,Q4862,lha mchod pa'i rim pa,I1PD95892,188-191,I1PD958920257.jpg,I1PD958920260.jpg
AT2718,Q4863,tshe bsgrub pa'i thabs,I1PD95892,192-194,I1PD958920261.jpg,I1PD958920263.jpg
AT2719,Q4864,'chi ba slu ba,I1PD95892,195-197,I1PD958920264.jpg,I1PD958920266.jpg
AT2720,Q4865,'chi ka ma'i bstan chos,I1PD95892,198-201,I1PD958920267.jpg,I1PD958920270.jpg
AT2723,Q4868,tsha tsh+wa'i cho ga,I1PD95892,210-213,I1PD958920279.jpg,I1PD958920282.jpg
AT2724,Q4869,'phags ma lha mo sgrol ma la bstod pa mu tig 'phreng ba zhes bya ba,I1PD95892,214-219,I1PD958920283.jpg,I1PD958920288.jpg
AT2725,Q4870,'phags ma lha mo sgrol ma'i bstod pa,I1PD95892,220-222,I1PD958920289.jpg,I1PD958920291.jpg
AT2726,Q4871,'phags ma sgrol ma la bstod pa smon lam grub pa zhes bya ba,I1PD95892,223-225,I1PD958920292.jpg,I1PD958920294.jpg
AT2727,Q4872,bcom ldan 'das 'phags ma sgrol ma la bstod pa zhes bya ba,I1PD95892,226-229,I1PD958920295.jpg,I1PD958920298.jpg
AT2728,Q4873,'phags ma sgrol ma 'jigs pa chen po brgyad las sgrol ba'i bstod pa,I1PD95892,230-232,I1PD958920299.jpg,I1PD958920301.jpg
AT2731,Q4876,dam tshig sgrol ma la bstod pa,I1PD95892,240-244,I1PD958920309.jpg,I1PD958920313.jpg
AT2732,Q4877,bde ba'i 'byung gnas dpal ldan rje btsun ma la bstod pa,I1PD95892,245-252,I1PD958920314.jpg,I1PD958920321.jpg
AT2733,Q4878,thams cad grub pa dpal 'phel lha mo la slob dpon klu sgrub kyis bstod pa,I1PD95892,253-255,I1PD958920322.jpg,I1PD958920324.jpg
AT2734,Q4879,rje btsun ma 'phags ma sgrol ma la kha che nyi ma sbas pas bstod pa,I1PD95892,256-259,I1PD958920325.jpg,I1PD958920328.jpg
AT2735,Q4880,'phags ma sgrol ma'i bkra shis pa,I1PD95892,260-263,I1PD958920329.jpg,I1PD958920332.jpg
AT2736,Q4881,seng ldeng nags kyi sgrol ma la bstod pa,I1PD95892,264-267,I1PD958920333.jpg,I1PD958920336.jpg
AT2737,Q4882,'phags ma sgrol ma'i mtshan nges pa zhes bya ba,I1PD95892,268-271,I1PD958920337.jpg,I1PD958920340.jpg
AT2738,Q4886,tshe dpag tu med pa zhes bya ba'i sgrub thabs,I1PD95892,272-280,I1PD958920341.jpg,I1PD958920349.jpg
AT2741,Q4892,khro bo'i rgyal po mi g.yo ba'i bsgrub pa'i thabs,I1PD95892,332-340,I1PD958920401.jpg,I1PD958920409.jpg
AT2742,Q4893,mi g.yo ba'i 'khor lo,I1PD95892,341-343,I1PD958920410.jpg,I1PD958920412.jpg
AT2743,,gtum po'i sgrub thabs,I1PD95892,344-345,I1PD958920413.jpg,I1PD958920414.jpg
AT2744,Q4895,khro bo mi g.yo mgon gyi sgrub thabs,I1PD95892,346-349,I1PD958920415.jpg,I1PD958920418.jpg
AT2745,Q4896,gtum po khro bo chen po'i sgrub pa don dam pa zhes bya ba,I1PD95892,350-354,I1PD958920419.jpg,I1PD958920423.jpg
AT2749,Q4901,zhal bzhi pa'i dam tshig dngos grub bsgrub pa'i thabs zhes bya ba,I1PD95892,374-376,I1PD958920443.jpg,I1PD958920445.jpg
AT2751,Q4902,nag po chen po'i sbyin sreg,I1PD95892,385-387,I1PD958920454.jpg,I1PD958920456.jpg
AT2752,Q4904,nag po chen po'i gtor ma'i cho ga,I1PD95892,388-390,I1PD958920457.jpg,I1PD958920459.jpg
AT2753,Q4941,nag po chen po la bstod pa,I1PD95892,391-392,I1PD958920460.jpg,I1PD958920461.jpg
AT2754,Q4906,nag po chen po'i bstod pa'i phreng ba zhes bya ba,I1PD95892,393-395,I1PD958920462.jpg,I1PD958920464.jpg
AT2755,Q4941,nag po chen po la bstod pa,I1PD95892,396-397,I1PD958920465.jpg,I1PD958920466.jpg
AT2756,Q4941,nag po chen po la bstod pa,I1PD95892,398-399,I1PD958920467.jpg,I1PD958920468.jpg
AT2757,Q4941,nag po chen po la bstod pa,I1PD95892,400-403,I1PD958920469.jpg,I1PD958920472.jpg
AT2759,Q4941,nag po chen po la bstod pa,I1PD95892,406-408,I1PD958920475.jpg,I1PD958920477.jpg
AT2760,Q4912,lha mo nag mo'i bstod pa,I1PD95892,409-412,I1PD958920478.jpg,I1PD958920481.jpg
AT2761,Q4916,dpal lha mo nag mo la bstod pa zhes bya ba,I1PD95892,413-416,I1PD958920482.jpg,I1PD958920485.jpg
AT2762,Q4916,dpal lha mo nag mo la bstod pa zhes bya ba,I1PD95892,417-418,I1PD958920486.jpg,I1PD958920487.jpg
AT2763,Q4916,dpal lha mo nag mo la bstod pa zhes bya ba,I1PD95892,419-420,I1PD958920488.jpg,I1PD958920489.jpg
AT2764,Q4916,dpal lha mo la bstod pa zhes bya ba,I1PD95892,421-422,I1PD958920490.jpg,I1PD958920491.jpg
AT2765,Q4916,dpal lha mo la bstod pa zhes bya ba,I1PD95892,423-425,I1PD958920492.jpg,I1PD958920494.jpg
AT2766,Q4918,dpal ldan lha mo nag mo la bstod pa zhes bya ba,I1PD95892,426-428,I1PD958920495.jpg,I1PD958920497.jpg
AT2767,Q4919,las mkhan gyi bstod pa bzhugs,I1PD95892,429-433,I1PD958920498.jpg,I1PD958920502.jpg
AT2768,Q4920,gnod sbyin nag po'i bstod pa,I1PD95892,434-436,I1PD958920503.jpg,I1PD958920505.jpg
AT2769,Q4921,dpal ldan lha mo dud sol ma'i rjes gnang,I1PD95892,437-440,I1PD958920506.jpg,I1PD958920509.jpg
AT2770,Q4922,dpal mgon zhal bzhi pa'i bstod chen,I1PD95892,441-444,I1PD958920510.jpg,I1PD958920513.jpg
AT2771,Q4923,byin gyis brlabs pa nag po chen po'i sgrub thabs zhes bya ba,I1PD95892,445-449,I1PD958920514.jpg,I1PD958920518.jpg
AT2772,Q4924,byin gyis brlabs pa'i nag po chen po'i gsang ba'i sgrub thabs zhes bya ba,I1PD95892,450-452,I1PD958920519.jpg,I1PD958920521.jpg
AT2773,Q4925,mi bskyod pa la brten nas mgon po'i gegs sel bla ma'i gnad sgyur,I1PD95892,453-455,I1PD958920522.jpg,I1PD958920524.jpg
AT2774,Q4926,mgon po'i bkra shis yon tan rgya mtsho zhes bya ba,I1PD95892,456-457,I1PD958920525.jpg,I1PD958920526.jpg
AT2775,Q4927,mgon po dmar po'i tshe sgrub,I1PD95892,458-461,I1PD958920527.jpg,I1PD958920530.jpg
AT2776,Q4928,lha mo'i srog sgrub,I1PD95892,462-464,I1PD958920531.jpg,I1PD958920533.jpg
AT2777,Q4929,dpal ldan lha mo chen po'i gsang ba'i sgrub thabs zhes bya ba,I1PD95892,465-469,I1PD958920534.jpg,I1PD958920538.jpg
AT2778,Q4930,rdo rje mkha' spyod ma sgrub pa'i thabs,I1PD95892,470-472,I1PD958920539.jpg,I1PD958920541.jpg
AT2779,Q4931,nag po chen po phur par sgrub pa zhes bya ba,I1PD95892,473-476,I1PD958920542.jpg,I1PD958920545.jpg
AT2781,Q4933,mgon po'i rgyu dus brtag pa,I1PD95892,480-483,I1PD958920549.jpg,I1PD958920552.jpg
AT2782,Q4934,byin gyis brlabs pa'i nag po'i sgrub thabs,I1PD95892,484-493,I1PD958920553.jpg,I1PD958920562.jpg
AT2784,Q4936,dpal nag po chen po byin brlabs can gyi sgrub pa'i thabs zhes bya ba,I1PD95892,501-521,I1PD958920572.jpg,I1PD958920592.jpg
AT2785,Q4937,gsang ba'i sgrub thabs zhes bya ba,I1PD95892,522-524,I1PD958920593.jpg,I1PD958920595.jpg
AT2786,Q4938,nag po chen po'i bstod pa rngam pa sgra sgrogs zhes bya ba,I1PD95892,525-527,I1PD958920596.jpg,I1PD958920598.jpg
AT2787,Q4939,mgon po'i gzhung bstod,I1PD95892,528-530,I1PD958920599.jpg,I1PD958920601.jpg
AT2788,,nag po chen po'i bstod pa,I1PD95892,531-532,I1PD958920602.jpg,I1PD958920603.jpg
AT2789,,nag po chen po'i bstod pa,I1PD95892,533-535,I1PD958920604.jpg,I1PD958920606.jpg
AT2790,Q4942,nag po chen po phyag bzhi pa'i sgrub thabs,I1PD95892,536-539,I1PD958920607.jpg,I1PD958920610.jpg
AT2791,Q4943,ye shes mgon po gri gug can gyi bdag bskyed bzlas pa bstod pa rnams,I1PD95892,540-543,I1PD958920611.jpg,I1PD958920614.jpg
AT2792,Q4944,dpal nag po chen po'i bstod pa 'phreng 'dzin chos kyi nyin byed,I1PD95892,544-549,I1PD958920615.jpg,I1PD958920620.jpg
AT2793,Q4945,srog bdud nag po'i dbang bsdus pa rin po che rgyas pa,I1PD95892,550-555,I1PD958920621.jpg,I1PD958920626.jpg
AT2794,Q4946,nag po chen po'i las tshogs,I1PD95892,556-569,I1PD958920627.jpg,I1PD958920640.jpg
AT2795,Q4955,tsan+Di ka'i tshig sgrub ces bya ba,I1PD95892,570-572,I1PD958920641.jpg,I1PD958920643.jpg
AT2796,Q4956,dbang bskur gyi cho ga rin chen phreng 'dra,I1PD95892,573-577,I1PD958920644.jpg,I1PD958920648.jpg
AT2798,Q4958,dpal nag po chen po'i gsang ba'i man ngag ces bya ba,I1PD95892,594-600,I1PD958920665.jpg,I1PD958920671.jpg
AT2799,Q4959,dam tshig 'dus pa'i dbang,I1PD95892,601-603,I1PD958920672.jpg,I1PD958920674.jpg
AT2800,Q4960,dpal mgon po bya rog ma'i bskangs kyi cho ga'i rim pa,I1PD95892,604-613,I1PD958920675.jpg,I1PD958920684.jpg
AT2801,Q4961,dpal nag po chen po'i dngos grub dang bsrung ba dang bzlog pa'i sgrub thabs zhes bya ba,I1PD95892,614-618,I1PD958920685.jpg,I1PD958920689.jpg
AT2802,Q4962,mgon po bya rog gdong gi gtor mdos,I1PD95892,619-640,I1PD958920690.jpg,I1PD958920711.jpg
AT2803,Q4963,gnod sbyin nag po chen po'i sgrub thabs zhes bya ba,I1PD95892,641-648,I1PD958920712.jpg,I1PD958920719.jpg
AT2806,Q4966,rang gnas pa nag po chen po'i sgrub thabs,I1PD95892,657-667,I1PD958920728.jpg,I1PD958920738.jpg
AT2807,Q4967,rje btsun dpal nag po chen po'i sgrub thabs man ngag mdor bsdus pa,I1PD95892,668-683,I1PD958920739.jpg,I1PD958920754.jpg
AT2809,Q4969,'jigs byed nag po chen po'i sgrub thabs,I1PD95892,688-692,I1PD958920759.jpg,I1PD958920763.jpg
AT2810,Q4970,rnam thos sras rjes su 'brang ba'i gtor ma'i cho ga zhes bya ba,I1PD95892,693-708,I1PD958920764.jpg,I1PD958920779.jpg
AT2811,Q4971,glang po rin po che la nor blang ba'i man ngag,I1PD95892,709-714,I1PD958920780.jpg,I1PD958920785.jpg
AT2812,Q4972,tshogs kyi bdag po'i sgrub thabs 'khor lo chen po zhes bya ba,I1PD95892,715-722,I1PD958920786.jpg,I1PD958920793.jpg
AT2813,Q4973,bgegs kyi rgyal po'i sgrub thabs zhes bya ba,I1PD95892,723-725,I1PD958920794.jpg,I1PD958920796.jpg
AT2814,Q4974,sna tshogs nor bu bde mchog 'khor lo'i sgrub thabs zhes bya ba,I1PD95892,726-728,I1PD958920797.jpg,I1PD958920799.jpg
AT2815,Q4975,dpal rdo rje mkha' 'gro'i bsgrub thabs zhes bya ba,I1PD95892,729-731,I1PD958920800.jpg,I1PD958920802.jpg
AT2816,Q4976,bgegs kyi rgyal po bsgrub pa'i thabs zhes bya ba,I1PD95892,732-735,I1PD958920803.jpg,I1PD958920806.jpg
AT2817,Q4989,'phags pa tshogs kyi bdag po la bstod pa,I1PD95892,736-737,I1PD958920807.jpg,I1PD958920808.jpg
AT2818,Q4978,bgegs bdag chen po'i sku bri ba'i man ngag yid bzhin nor bu zhes bya ba,I1PD95892,738-740,I1PD958920809.jpg,I1PD958920811.jpg
AT2819,Q4979,'phags pa tshogs kyi bdag po'i gtor ma'i cho ga,I1PD95892,741-743,I1PD958920812.jpg,I1PD958920814.jpg
AT2820,Q4980,bgegs bdag gi sbyin sreg gi cho ga rab tu bshad pa,I1PD95892,744-749,I1PD958920815.jpg,I1PD958920820.jpg
AT2821,Q4981,shin tu myur ba'i lha chen po bgegs kyi rgyal po'i sgrub thabs zhes bya ba,I1PD95892,750-752,I1PD958920821.jpg,I1PD958920823.jpg
AT2822,Q4982,shin tu myur ba'i lha bgegs chen po/ bgegs kyi rgyal po bsgrub pa'i thabs zhes bya ba,I1PD95892,753-755,I1PD958920824.jpg,I1PD958920826.jpg
AT2823,Q4983,dpal tshogs kyi bdag po'i 'khor lo'i gsal byed,I1PD95892,756-760,I1PD958920827.jpg,I1PD958920831.jpg
AT2824,Q4984,sngags kyi rgyal po'i dam tshig dngos grub sgrub pa'i thabs zhes bya ba,I1PD95892,761-764,I1PD958920832.jpg,I1PD958920835.jpg
AT2825,Q4985,gsal byed nyi ma'i 'khor los dbang du bya ba zhes bya ba,I1PD95892,765-767,I1PD958920836.jpg,I1PD958920838.jpg
AT2826,Q4986,dpal tshogs kyi bdag po zhi ba'i sgrub thabs,I1PD95892,768-771,I1PD958920839.jpg,I1PD958920842.jpg
AT2827,Q4987,'phags pa tshogs kyi bdag po yid bzhin nor bu'i sgrub thabs,I1PD95892,772-774,I1PD958920843.jpg,I1PD958920845.jpg
AT2828,Q4988,'phags pa tshogs kyi bdag po'i sbyin sreg gi cho ga,I1PD95892,775-777,I1PD958920846.jpg,I1PD958920848.jpg
AT2829,Q4989,'phags pa tshogs kyi bdag po la bstod pa,I1PD95892,778-779,I1PD958920849.jpg,I1PD958920850.jpg
AT2830,Q4990,tshogs bdag gsang sgrub,I1PD95892,780-783,I1PD958920851.jpg,I1PD958920854.jpg
AT2831,Q4991,tshogs kyi bdag po la bstod pa,I1PD95892,784-787,I1PD958920855.jpg,I1PD958920858.jpg
AT2832,Q4992,tshogs kyi bdag po chen po khams gsum dbang sdud dmar po'i sgrub pa'i thabs,I1PD95892,788-790,I1PD958920859.jpg,I1PD958920861.jpg
AT2833,Q4993,'dod pa'i dbang phyug gi bstod pa,I1PD95892,791-792,I1PD958920862.jpg,I1PD958920863.jpg
AT2834,Q4994,tshogs kyi bdag po khro bo'i sgrub thabs,I1PD95892,793-796,I1PD958920864.jpg,I1PD958920867.jpg
AT2835,Q4995,tshogs kyi bdag po dam tshig gsang ba'i bsgrub thabs zhes bya ba,I1PD95892,797-803,I1PD958920868.jpg,I1PD958920874.jpg
AT2837,Q4997,A pa ra tsa ta rin chen bzang po'i sgrub thabs zhes bya ba,I1PD95892,812-822,I1PD958920883.jpg,I1PD958920893.jpg
AT2838,Q4998,nor lha gsang ba'i bsgrub thabs,I1PD95892,823-825,I1PD958920894.jpg,I1PD958920896.jpg
AT2839,Q4999,'phags pa 'dzam b+ha lha la bstod pa zhes bya ba,I1PD95892,826-828,I1PD958920897.jpg,I1PD958920899.jpg
AT2840,Q5000,nor bdag gtso 'khor lnga'i bstod pa dbyig gi char 'bebs zhes bya ba,I1PD95892,829-831,I1PD958920900.jpg,I1PD958920902.jpg
AT2841,Q5001,gnod sbyin mo nag mos bsad pa'i sgrub thabs,I1PD95892,832-834,I1PD958920903.jpg,I1PD958920905.jpg
AT2842,Q5002,khro bo'i rgyal po khams gsum rnam par rgyal ba'i sgrub thabs zhes bya ba,I1PD95892,835-838,I1PD958920906.jpg,I1PD958920909.jpg
AT2843,Q5003,khro bo chen po bdud rtsi 'khyil pa'i sgrub thabs,I1PD95892,839-842,I1PD958920910.jpg,I1PD958920913.jpg
AT2844,Q5004,bcom ldan 'das dpal rdo rje gnod mdzes khro bo'i rgyal po chen po sdang ba thams cad rnam par 'joms pa'i bsgrub thabs,I1PD95892,843-849,I1PD958920914.jpg,I1PD958920920.jpg
AT2845,Q5005,khro bo reg tshig gi bsgrub pa'i thabs zhes bya ba,I1PD95892,850-859,I1PD958920921.jpg,I1PD958920930.jpg
AT2846,Q5006,reg 'bigs ma'i bsgrub thabs,I1PD95892,860-862,I1PD958920931.jpg,I1PD958920933.jpg
AT2847,Q5007,skal 'jog dbang gi cho ga,I1PD95892,863-867,I1PD958920934.jpg,I1PD958920938.jpg
AT2848,Q5008,khro bo reg tshig gi dam tshig gsang ba'i bsgrub thabs,I1PD95892,868-871,I1PD958920939.jpg,I1PD958920942.jpg
AT2849,Q5009,khro bo reg tshig gi sbyin sreg gi cho ga zhes bya ba,I1PD95892,872-875,I1PD958920943.jpg,I1PD958920946.jpg
AT2850,,khro bo reg tshig gi gtor chog,I1PD95892,876-878,I1PD958920947.jpg,I1PD958920949.jpg
AT2851,Q5011,lha chen po gsum gyi bsgrub thabs,I1PD95892,879-881,I1PD958920950.jpg,I1PD958920952.jpg
AT2852,Q5014,bla ma phyi ltar sgrub pa'i man ngag,I1PD95892,885-887,I1PD958920956.jpg,I1PD958920958.jpg
AT2853,Q5015,phyi sgrub kyi rten 'brel pan chen b+hi bu ti tsan+tras mdzad pa,I1PD95892,888-890,I1PD958920959.jpg,I1PD958920961.jpg
AT2854,Q5016,bla ma nang gi sgrub pa,I1PD95892,891-895,I1PD958920962.jpg,I1PD958920966.jpg
AT2855,Q5017,bla ma gsang bar sgrub pa zhes bya ba,I1PD95892,896-901,I1PD958920967.jpg,I1PD958920972.jpg
AT2856,Q5019,rgyud sde lnga'i sgrub thabs de kho na nyid bsdus pa,I1PD95892,902-905,I1PD958920973.jpg,I1PD958920976.jpg
AT2857,Q5020,dpal rgyud sde lnga'i dkyil 'khor gyi cho ga de kho na nyid bsdus pa gsang ba zhes bya ba,I1PD95892,906-962,I1PD958920977.jpg,I1PD958921033.jpg
AT2858,Q5021,rkang grangs rin chen phreng ba zhes bya ba,I1PD95892,963-968,I1PD958921034.jpg,I1PD958921039.jpg
AT2859,Q5022,mngon par rtogs pa mu tig gi phreng ba zhes bya ba,I1PD95892,969-1079,I1PD958921040.jpg,I1PD958921150.jpg
AT2860,Q5023,dkyil 'khor thams cad kyi bsgrub pa'i thabs rdzogs pa'i rnal 'byor gyi phreng ba zhes bya ba,I1PD95892,1080-1228,I1PD958921151.jpg,I1PD958921299.jpg
AT2861,Q5024,man ngag gi snye ma zhes bya ba,I1PD95892,1229-1271,I1PD958921300.jpg,I1PD958921342.jpg
AT2862,Q5025,rten 'brel snying po'i sngags them zhib mor bkod pa,I1PD95892,1272-1273,I1PD958921343.jpg,I1PD958921344.jpg
AT2863,Q5026,'chi med grub pa'i 'grel pa g.yung drung grub pa zhes bya ba,I1PD95892,1274-1281,I1PD958921345.jpg,I1PD958921352.jpg
AT2864,Q5027,dkyil 'khor gyi rnam par dbye ba'i rab tu byed pa zhes bya ba,I1PD95892,1282-1287,I1PD958921353.jpg,I1PD958921358.jpg
AT2865,Q5028,sems rin po che sbyong bar byed pa zhes bya ba,I1PD95892,1288-1301,I1PD958921359.jpg,I1PD958921372.jpg
AT2866,Q5029,rgyal ba skyed ma'i rnam par dbye ba nges par bstan pa,I1PD95892,1302-1371,I1PD958921373.jpg,I1PD958921442.jpg
AT2867,Q5030,mkha' 'gro ma'i dkyil 'khor gyi sgrub thabs kyi rim pa zhes bya ba,I1PD95892,1372-1384,I1PD958921443.jpg,I1PD958921455.jpg
AT2868,Q5031,'khor ba rtsad nas gcod pa gtan tshigs 'khor lo'i man ngag,I1PD95893,3-6,I1PD958930060.jpg,I1PD958930063.jpg
AT2869,Q5032,'khor ba rtsad nas gcod pa bdud rtsi dri med kyi man ngag,I1PD95893,7-10,I1PD958930064.jpg,I1PD958930067.jpg
AT2870,Q5033,'khor ba rtsad nas gcod pa rdo rje sems dpa'i gdam ngag,I1PD95893,11-14,I1PD958930068.jpg,I1PD958930071.jpg
AT2871,Q5034,'khor ba rtsad nas gcod pa gser gyi thigs pa'i gdam ngag,I1PD95893,15-18,I1PD958930072.jpg,I1PD958930075.jpg
AT2872,Q5035,'khor ba rtsad nas gcod pa snyan rgyud yi ge med pa'i gdam ngag,I1PD95893,19-20,I1PD958930076.jpg,I1PD958930077.jpg
AT2873,Q5036,lta ba nam mkha' dang mnyam pa'i rgyud kyi dka' 'grel rin po che sgron ma 'bar ba zhes bya ba,I1PD95893,21-29,I1PD958930078.jpg,I1PD958930086.jpg
AT2874,Q5037,bsgom pa rgya mtsho dang mnyam pa'i rgyud kyi dka' 'grel rin po che dra ba'i sgron ma,I1PD95893,30-35,I1PD958930087.jpg,I1PD958930092.jpg
AT2875,Q5038,spyod pa nyi zla dang mnyam pa'i rgyud kyi dka' 'grel rin po che snang ba'i 'od zer,I1PD95893,36-44,I1PD958930093.jpg,I1PD958930101.jpg
AT2876,Q5039,'bras bu rin po che dang mnyam pa'i rgyud kyi dka' 'grel rin po che za ma tog 'bar ba,I1PD95893,45-52,I1PD958930102.jpg,I1PD958930109.jpg
AT2877,Q5040,lta ba ye shes mdzod chen chos kyi dbyings,I1PD95893,53-57,I1PD958930110.jpg,I1PD958930114.jpg
AT2878,Q5041,bsgom pa ye shes gsal ba chos kyi dbyings,I1PD95893,58-61,I1PD958930115.jpg,I1PD958930118.jpg
AT2879,Q5042,spyod pa ye shes 'bar ba chos kyi dbyings,I1PD95893,62-64,I1PD958930119.jpg,I1PD958930121.jpg
AT2882,Q5046,dam tshig lnga bcu pa,I1PD95893,73-79,I1PD958930130.jpg,I1PD958930136.jpg
AT2883,Q5047,'bras bu ye shes sa gcig chos kyi dbyings,I1PD95893,80-84,I1PD958930137.jpg,I1PD958930141.jpg
AT2884,Q5048,dpal sa ra ha dang mnga' bdag mai tri pa'i zhu ba zhus lan,I1PD95893,85-88,I1PD958930142.jpg,I1PD958930145.jpg
AT2885,Q5049,dpal nag po rdo rje zhabs kyi mi zad pa'i mdzod kyi rgya cher 'grel pa,I1PD95893,89-123,I1PD958930146.jpg,I1PD958930180.jpg
AT2887,Q5051,'chi med bsgrub pa zhes bya ba,I1PD95893,126-131,I1PD958930183.jpg,I1PD958930188.jpg
AT2888,Q5052,'chi med kyi 'phrang sel,I1PD95893,132-162,I1PD958930189.jpg,I1PD958930219.jpg
AT2889,Q5053,'chi med grub pa'i sdom pa bshi'i 'khrul 'khor gyi yig sna,I1PD95893,163-167,I1PD958930220.jpg,I1PD958930224.jpg
AT2890,Q5054,'chi med kyi dngos gzhi bcu bdun gyi rnam gzhag,I1PD95893,168-195,I1PD958930225.jpg,I1PD958930252.jpg
AT2891,Q5055,'chi med grub pa'i rtsa mdud brgyad 'grol ba'i 'khrul 'khor gyi yig sna,I1PD95893,196-200,I1PD958930253.jpg,I1PD958930257.jpg
AT2892,Q5057,rdo rje bzlas pa'i rnam gzhag,I1PD95893,201-202,I1PD958930258.jpg,I1PD958930259.jpg
AT2893,Q5057,rdo rje bzlas pa'i rnam gzhag,I1PD95893,203-204,I1PD958930260.jpg,I1PD958930261.jpg
AT2894,Q5058,'chi med grub pa'i 'grel pa zhes bya ba,I1PD95893,205-244,I1PD958930262.jpg,I1PD958930301.jpg
AT2895,Q5059,'chi med grub pa'i gsang ba rdo rje bzlas pa,I1PD95893,245-246,I1PD958930302.jpg,I1PD958930303.jpg
AT2896,Q5060,ngo sprod po'i rtsa ba zhes bya ba,I1PD95893,247-248,I1PD958930304.jpg,I1PD958930305.jpg
AT2897,Q5061,ngo sprod chen po'i 'grel pa zhes bya ba,I1PD95893,249-257,I1PD958930306.jpg,I1PD958930314.jpg
AT2898,Q5062,shing rta 'khor lo'i 'khrul 'khor bco lnga pa,I1PD95893,258-263,I1PD958930315.jpg,I1PD958930320.jpg
AT2899,Q5063,bum pa can gyi 'khrul 'khor bco lnga pa,I1PD95893,264-268,I1PD958930321.jpg,I1PD958930325.jpg
AT2900,Q5064,'go thur dbyug pa'i 'khrul 'khor bco lnga pa,I1PD95893,269-273,I1PD958930326.jpg,I1PD958930330.jpg
AT2901,Q5065,rtsa stong 'khyil pa'i 'khrul 'khor bco lnga pa,I1PD95893,274-278,I1PD958930331.jpg,I1PD958930335.jpg
AT2902,Q5066,gang ba can gyis 'khrul 'khor bco lnga pa,I1PD95893,279-283,I1PD958930336.jpg,I1PD958930340.jpg
AT2903,Q5067,tsan d+ha li'i 'khrul 'khor bcu gcig,I1PD95893,284-287,I1PD958930341.jpg,I1PD958930344.jpg
AT2904,Q5068,dben pa brgyad kyi bcos thabs 'chi med,I1PD95893,288-311,I1PD958930345.jpg,I1PD958930368.jpg
AT2905,Q5076,'chi med grub pa'i khams lnga'i man ngag,I1PD95893,312-316,I1PD958930369.jpg,I1PD958930373.jpg
AT2906,Q5077,nyon mongs pa phra rags sdom par bya ba,I1PD95893,317-319,I1PD958930374.jpg,I1PD958930376.jpg
AT2907,Q5078,rlung skyon sel ba'i go rims,I1PD95893,320-331,I1PD958930377.jpg,I1PD958930388.jpg
AT2908,Q5079,'chi med grub pa'i dkyil 'khor zhes bya ba,I1PD95893,332-334,I1PD958930389.jpg,I1PD958930391.jpg
AT2909,Q5080,man+Dal dpe chung ltar bris pa,I1PD95893,335-337,I1PD958930392.jpg,I1PD958930394.jpg
AT2910,Q5081,grub mtha'i man ngag lam bslang,I1PD95893,338-349,I1PD958930395.jpg,I1PD958930406.jpg
AT2911,Q5082,rdo rje sems dpa'i zhus lan,I1PD95893,350-364,I1PD958930407.jpg,I1PD958930421.jpg
AT2912,Q5083,rdo rje theg pa'i rtsa ba'i ltung ba,I1PD95893,365-368,I1PD958930422.jpg,I1PD958930425.jpg
AT2913,Q5084,yan lag gi nyes pa,I1PD95893,369-371,I1PD958930426.jpg,I1PD958930428.jpg
AT2914,Q5085,ltung ba bco lnga pa,I1PD95893,372-374,I1PD958930429.jpg,I1PD958930431.jpg
AT2918,Q5089,tshogs kyi 'khor lo'i mchod pa'i rim pa zhes bya ba,I1PD95893,395-405,I1PD958930452.jpg,I1PD958930462.jpg
AT2919,Q5090,tsan dan gyi sku rgya nag na bzhugs pa'i byon tshul,I1PD95893,406-409,I1PD958930463.jpg,I1PD958930466.jpg
AT2920,Q5091,grub thob brgyad cu rtsa bzhi'i lo rgyus,I1PD95893,413-561,I1PD958930472.jpg,I1PD958930620.jpg
AT2921,Q5092,grub thob brgyad cu rtsa bzhi'i rtogs pa'i snying po dang de'i don 'grel,I1PD95893,562-670,I1PD958930621.jpg,I1PD958930729.jpg
AT2922,Q5093,man ngag rin chen 'phreng ba,I1PD95893,671-675,I1PD958930730.jpg,I1PD958930734.jpg
AT2923,Q5094,mkha' 'gro ma gsum gyis zab mo'i glu blang ba,I1PD95893,676-678,I1PD958930735.jpg,I1PD958930737.jpg
AT2924,Q5095,zab lam thun mong ma yin pa gcig rdzogs legs par,I1PD95893,679-695,I1PD958930738.jpg,I1PD958930754.jpg
AT2925,Q5096,grub pa'i dbang phyug paN+Di ta chen po shrA+i ba na rat+na'i zhal lung rin po che'i snying po'i phreng ba,I1PD95893,696-708,I1PD958930755.jpg,I1PD958930767.jpg
AT2926,Q5099,zhal lung rin po che'i phreng ba,I1PD95893,709-718,I1PD958930768.jpg,I1PD958930777.jpg
AT2928,Q5102,dpal sha ba ri'i bstod pa rin po che zhes bya ba,I1PD95893,722-726,I1PD958930781.jpg,I1PD958930785.jpg
AT2929,Q5103,dpal rak+sha bdag nyid chen po'i bstan bcos,I1PD95893,727-729,I1PD958930786.jpg,I1PD958930788.jpg
AT2931,Q5105,'jig rten mgon po zhal bcu gcig pa'i sgrub thabs,I1PD95893,736-739,I1PD958930795.jpg,I1PD958930798.jpg
AT2932,Q5106,'jig rten mgon po ri khrod pa'i sgrub thabs,I1PD95893,740-743,I1PD958930799.jpg,I1PD958930802.jpg
AT2933,Q5107,gso sbyong rang gi blang ba'i cho ga,I1PD95893,744-746,I1PD958930803.jpg,I1PD958930805.jpg
AT2935,Q5109,o rgyan las 'byung ba'i 'jam pa'i rdo rje'i sgrub thabs,I1PD95893,750-754,I1PD958930809.jpg,I1PD958930813.jpg
AT2939,Q5113,dpal o rgyan gyi rim pa sgrol ma'i mngon par rtogs pa,I1PD95893,766-771,I1PD958930825.jpg,I1PD958930830.jpg
AT2940,Q5114,byang phyogs nas 'byung ba rdo rje sgrol ma'i sgrub thabs,I1PD95893,772-774,I1PD958930831.jpg,I1PD958930833.jpg
AT2941,Q5115,ral pa gcig ma dkar mo'i sgrub thabs,I1PD95893,775-777,I1PD958930834.jpg,I1PD958930836.jpg
AT2942,Q5115,ral pa gcig ma dkar mo'i sgrub thabs,I1PD95893,778-780,I1PD958930837.jpg,I1PD958930839.jpg
AT2943,Q5117,ral gcig ma'i kun du spyod pa,I1PD95893,781-783,I1PD958930840.jpg,I1PD958930842.jpg
AT2946,Q5120,dpal rnam par snang mdzad kyi sgrub thabs,I1PD95893,789-790,I1PD958930848.jpg,I1PD958930849.jpg
AT2947,Q5121,dpal rdo rje snang byed gser zhes bya ba'i sgrub thabs,I1PD95893,791-793,I1PD958930850.jpg,I1PD958930852.jpg
AT2948,Q5122,bdud rtsi 'od kyi sgrub thabs,I1PD95893,794-796,I1PD958930853.jpg,I1PD958930855.jpg
AT2951,Q5125,'brum bu zhi bar byed pa sna tshogs yum gyi sgrub thabs,I1PD95893,801-803,I1PD958930860.jpg,I1PD958930862.jpg
AT2952,Q5126,'phags ma bskul byed ma'i sgrub thabs,I1PD95893,804-806,I1PD958930863.jpg,I1PD958930865.jpg
AT2953,Q5127,nor 'dzin ma'i rtog pa,I1PD95893,807-810,I1PD958930866.jpg,I1PD958930869.jpg
AT2954,Q5128,nor dpal mo'i rtog pa,I1PD95893,811-816,I1PD958930870.jpg,I1PD958930875.jpg
AT2962,Q5136,'dus pa las byung ba chu sbyin dbang po'i sgrub thabs,I1PD95893,838-843,I1PD958930897.jpg,I1PD958930902.jpg
AT2963,Q5137,rnam thos kyi bu'i sgrub thabs,I1PD95893,844-846,I1PD958930903.jpg,I1PD958930905.jpg
AT2965,Q5139,khro bo chen po rdo rje sa 'og gi sgrub thabs,I1PD95893,851-853,I1PD958930910.jpg,I1PD958930912.jpg
AT2966,Q5140,gtsug tor 'khor los bsgyur ba'i sgrub thabs,I1PD95893,854-856,I1PD958930913.jpg,I1PD958930915.jpg
AT2967,Q5141,gtsug tor rnam par rgyal ba mchod thabs,I1PD95893,857-858,I1PD958930916.jpg,I1PD958930917.jpg
AT2970,Q5173,'dod pa'i rgyal po'i sgrub thabs,I1PD95893,864-866,I1PD958930923.jpg,I1PD958930925.jpg
AT2971,Q5145,rdo rje dbyug pa sngon po'i sgrub thabs,I1PD95893,867-868,I1PD958930926.jpg,I1PD958930927.jpg
AT2975,Q5149,'khrul 'khor gyi sgrub thabs,I1PD95893,881-882,I1PD958930940.jpg,I1PD958930941.jpg
AT2978,Q5152,lha dbang bskur ba'i cho ga,I1PD95893,890-894,I1PD958930949.jpg,I1PD958930953.jpg
AT2980,Q5154,bya ba'i sbyor ba,I1PD95893,899-905,I1PD958930958.jpg,I1PD958930964.jpg
AT2981,Q5155,khro mo'i dbang phyug rnam par rgyal ma'i sgrub thabs,I1PD95893,906-909,I1PD958930965.jpg,I1PD958930968.jpg
AT2982,Q5156,dpal 'khor lo sdom pa lhan cig skyes pa'i sgrub thabs,I1PD95893,910-917,I1PD958930969.jpg,I1PD958930976.jpg
AT2984,Q5158,dpal 'khor lo sdom pa gnyis su med pa dpa' bo'i sgrub thabs,I1PD95893,922-926,I1PD958930981.jpg,I1PD958930985.jpg
AT2985,Q5159,mdor bsdus pa'i he ru ka'i sgrub thabs,I1PD95893,927-929,I1PD958930986.jpg,I1PD958930988.jpg
AT2986,Q5160,dges pa rdo rje'i sgrub thabs man ngag gi gnas zhes bya ba,I1PD95893,930-934,I1PD958930989.jpg,I1PD958930993.jpg
AT2987,Q5161,dpal he ru ka rje btsun gyi sgrub thabs mdor bsdus pa,I1PD95893,935-939,I1PD958930994.jpg,I1PD958930998.jpg
AT2988,Q5162,dpal phyag na rdo rje'i sgrub thabs,I1PD95893,940-942,I1PD958930999.jpg,I1PD958931001.jpg
AT2989,Q5163,'phags pa gos sngon po can gyi sgrub thabs,I1PD95893,943-945,I1PD958931002.jpg,I1PD958931004.jpg
AT2990,Q5164,gnod sbyin gyi ded dpon chen po gos sngon po can gyi sgrub thabs,I1PD95893,946-948,I1PD958931005.jpg,I1PD958931007.jpg
AT2991,Q5165,rje btsun phyag na rdo rje'i sgrub thabs,I1PD95893,949-953,I1PD958931008.jpg,I1PD958931012.jpg
AT2992,Q5166,'phags pa lag na rdo rje gos sngon can gyi cho ga zhes bya ba'i gzungs,I1PD95893,954-957,I1PD958931013.jpg,I1PD958931016.jpg
AT2993,Q5167,mkha' lding gi sgrub thabs,I1PD95893,958-960,I1PD958931017.jpg,I1PD958931019.jpg
AT2994,Q5168,rdo rje gtum mo'i sgrub thabs,I1PD95893,961-963,I1PD958931020.jpg,I1PD958931022.jpg
AT2995,Q5169,rgan byad ma'i sgrub thabs,I1PD95893,964-965,I1PD958931023.jpg,I1PD958931024.jpg
AT2996,Q5170,rang byin gyis brlab pa'i nag po chen po'i sgrub thabs,I1PD95893,966-969,I1PD958931025.jpg,I1PD958931028.jpg
AT2999,Q5173,'dod pa'i rgyal po'i sgrub thabs,I1PD95893,977-980,I1PD958931036.jpg,I1PD958931039.jpg
AT3000,Q5174,ma hA kA la dmar po'i sgrub thabs,I1PD95893,981-983,I1PD958931040.jpg,I1PD958931042.jpg
AT3001,Q5175,kA la chen po'i sgrub thabs,I1PD95893,984-985,I1PD958931043.jpg,I1PD958931044.jpg
AT3002,Q5176,tshogs kyi dbang ldan chen po sgrub pa'i thabs,I1PD95893,986-993,I1PD958931045.jpg,I1PD958931052.jpg
AT3003,Q5178,rdo rje'i lam bzang po zhes bya ba,I1PD95893,994-1005,I1PD958931053.jpg,I1PD958931064.jpg
AT3005,Q5179,rnal 'byor gyi glu,I1PD95893,1009-1013,I1PD958931068.jpg,I1PD958931072.jpg
AT3006,Q5180,bcom ldan 'das rdo rje sems dpa'i sgrub thabs rang byin rlab pa'i man ngag gi rim pa,I1PD95893,1014-1029,I1PD958931073.jpg,I1PD958931088.jpg
AT3007,Q5181,yon po srong ba'i man ngag,I1PD95893,1030-1032,I1PD958931089.jpg,I1PD958931091.jpg
AT3008,Q5182,las sna tshogs spyod pa'i man ngag,I1PD95893,1033-1043,I1PD958931092.jpg,I1PD958931102.jpg
AT3063,,rten cing 'brel par 'byung ba'i snying po'i rnam par bshad pa,I1PD95902,404-411,I1PD959020432.jpg,I1PD959020439.jpg
AT3440,Q5706,tshad ma rigs par 'jug pa'i sgo zhes bya ba'i rab tu byed pa,I1PD95942,442-452,I1PD959420464.jpg,I1PD959420474.jpg
AT3529,Q5786,nye bsgyur gyi mtshan nyis bshad pa,I1PD95954,1904-1942,I1PD959541935.jpg,I1PD959541973.jpg
AT3552,Q5804,sku gsung thugs kyi cha tshad,I1PD95959,867-872,I1PD959590905.jpg,I1PD959590910.jpg
AT3554,Q5806,ri mo'i mtshan nyid,I1PD95959,883-910,I1PD959590921.jpg,I1PD959590948.jpg
AT3558,Q5808,spos sbyor rin po che'i 'phreng ba zhes bya ba,I1PD95959,937-938,I1PD959590975.jpg,I1PD959590976.jpg
AT3561,Q5811,rten cing 'brel par 'byung ba'i de kho na nyid ces bya ba,I1PD95959,949-972,I1PD959590987.jpg,I1PD959591010.jpg
AT3562,Q5812,shA ri'i bu'i brgyad pa,I1PD95959,973-975,I1PD959591011.jpg,I1PD959591013.jpg
AT3565,Q5814,mo rtsis 'jam pa'i dbyangs,I1PD95959,1244-1259,I1PD959591282.jpg,I1PD959591297.jpg
AT3581,Q5831,bya rog gi skad brtag par bya ba,I1PD95959,1463-1468,I1PD959591501.jpg,I1PD959591506.jpg
AT3596,Q5838,sgra'i rnam par dbye ba bstan pa,I1PD95960,443-465,I1PD959600478.jpg,I1PD959600500.jpg
AT3638,,bde legs su gyur pa'i tshigs su bcad pa,I1PD95961,1760-1762,I1PD959611790.jpg,I1PD959611792.jpg
AT3669,Q5894,su pra'i mtha' rin chen 'byung gnas zhes bya ba,I1PD95965,293-322,I1PD959650326.jpg,I1PD959650355.jpg
